Ref,Val,Package,PosX,PosY,Rot,Side
"C1","10uF","C_0805_2012Metric",38.025000,-22.245000,90.000000,top
"C3","100nF","C_0603_1608Metric",43.025000,-22.525000,90.000000,top
"C8","10nF","C_0603_1608Metric",50.525000,-22.725000,0.000000,top
"C9","10nF","C_0603_1608Metric",39.025000,-18.725000,0.000000,top
"C10","10nF","C_0603_1608Metric",49.275000,-19.725000,0.000000,top
"C11","10nF","C_0603_1608Metric",34.775000,-15.975000,90.000000,top
"D1","B5819W","D_SOD-123",37.895000,-29.195000,0.000000,top
"D3","red","LED_0603_1608Metric",30.275000,-28.275000,90.000000,top
"D4","green","LED_0603_1608Metric",28.275000,-28.275000,90.000000,top
"D5","blue","LED_0603_1608Metric",26.275000,-28.275000,90.000000,top
"FB1","600R@100MHz 2A","L_0805_2012Metric",33.295000,-28.895000,0.000000,top
"FID1","FID","Fiducial_1mm_Mask2mm",11.898000,-35.546000,0.000000,top
"FID2","FID","Fiducial_1mm_Mask2mm",2.148000,-35.296000,0.000000,top
"FID3","FID","Fiducial_1mm_Mask2mm",31.298000,-3.296000,0.000000,top
"J1","2x5 box header","IDC-Header_2x05_P2.54mm_Vertical",4.300000,-16.500000,0.000000,top
"J3","JST PH 2","JST_PH_B2B-PH-K_1x02_P2.00mm_Vertical",4.500000,-5.000000,0.000000,top
"J4","1x5 header","PinHeader_1x05_P2.54mm_Vertical",13.500000,-42.300000,90.000000,top
"R7","10k","R_0603_1608Metric",13.525000,-18.775000,90.000000,top
"R8","10k","R_0603_1608Metric",47.025000,-22.725000,0.000000,top
"R9","10k","R_0603_1608Metric",14.025000,-21.525000,0.000000,top
"R10","10k","R_0603_1608Metric",35.525000,-18.725000,0.000000,top
"R11","10k","R_0603_1608Metric",14.025000,-23.525000,0.000000,top
"R12","10k","R_0603_1608Metric",45.775000,-19.725000,0.000000,top
"R13","10k","R_0603_1608Metric",14.025000,-25.525000,0.000000,top
"R14","10k","R_0603_1608Metric",34.775000,-21.975000,90.000000,top
"R15","1k","R_0603_1608Metric",23.025000,-28.525000,0.000000,top
"R16","220R","R_0603_1608Metric",23.525000,-30.525000,0.000000,top
"R17","220R","R_0603_1608Metric",20.275000,-28.025000,90.000000,top
"R18","100R","R_0603_1608Metric",11.875000,-28.275000,90.000000,top
"R19","100R","R_0603_1608Metric",14.625000,-27.525000,0.000000,top
"R20","100R","R_0603_1608Metric",13.875000,-30.275000,90.000000,top
"R21","100R","R_0603_1608Metric",12.625000,-33.025000,0.000000,top
"R22","100k","R_0603_1608Metric",15.875000,-31.275000,90.000000,top
"R23","100R","R_0603_1608Metric",15.375000,-34.775000,90.000000,top
"SW3","PEC11R-4220F-S0024","RotaryEncoder_Alps_EC11E-Switch_Vertical_H20mm_CircularMountingHoles",13.500000,-6.500000,0.000000,top
"SW4","SYNC","SW_SPST_B3S-1000",21.000000,-22.000000,0.000000,top
