Comment,Designator,Footprint,LCSC Part #,JLC class,Loading fee note
47uF 100V,C1,CP_Elec_10x10,C87862,Extended,~$3 per unique part per order (Economic PCBA)
10nF,"C2,C31,C80,C81,C82,C83",C_0603_1608Metric,,Basic (expected; pick the part in JLC's BOM tool),none (Economic PCBA)
100nF,"C3,C11,C14,C16,C23,C41,C43,C50,C70,C71,C72,C73,C76,C77,C78",C_0603_1608Metric,C14663,Basic,none (Economic PCBA)
4.7uF 100V,"C4,C20,C21,C24,C25,C26,C27",C_1210_3225Metric,C2167998,Extended,~$3 per unique part per order (Economic PCBA)
100nF 100V,"C5,C22,C28",C_0603_1608Metric,,Basic (expected; pick the part in JLC's BOM tool),none (Economic PCBA)
22uF,"C6,C7,C8",C_1206_3216Metric,C12891,Basic,none (Economic PCBA)
1uF,"C9,C15,C42,C48,C51,C75",C_0603_1608Metric,,Basic (expected; pick the part in JLC's BOM tool),none (Economic PCBA)
4.7uF,"C10,C12,C74",C_0805_2012Metric,C1779,Basic,none (Economic PCBA)
10uF,"C13,C79",C_0805_2012Metric,C15850,Basic,none (Economic PCBA)
47nF,C30,C_0603_1608Metric,C1622,Basic,none (Economic PCBA)
220nF,C40,C_0603_1608Metric,C21120,Basic,none (Economic PCBA)
10nF C0G,"C44,C45,C46,C47",C_0805_2012Metric,,Extended (expected; pick the part in JLC's BOM tool),~$3 per unique part per order (Economic PCBA)
2.2nF C0G,"C52,C53,C54,C55",C_0603_1608Metric,,Extended (expected; pick the part in JLC's BOM tool),~$3 per unique part per order (Economic PCBA)
1nF C0G,"C56,C57,C58,C59,C61",C_0603_1608Metric,,Basic (expected; pick the part in JLC's BOM tool),none (Economic PCBA)
22nF 100V,C60,C_1206_3216Metric,,Extended (expected; pick the part in JLC's BOM tool),~$3 per unique part per order (Economic PCBA)
SMBJ58A,D1,D_SMB,C157526,Extended,~$3 per unique part per order (Economic PCBA)
SMBJ43A,D2,D_SMB,C315993,Extended,~$3 per unique part per order (Economic PCBA)
BAV199,D3,SOT-23,C40919,Extended,~$3 per unique part per order (Economic PCBA)
green,D4,LED_0603_1608Metric,C12624,Extended,~$3 per unique part per order (Economic PCBA)
3A T,F1,Fuse_Littelfuse-NANO2-451_453,,-,not placed by JLC
600R@100MHz,FB1,L_0805_2012Metric,C1017,Basic,none (Economic PCBA)
600R@100MHz 2A,FB2,L_0805_2012Metric,C98308,Extended,~$3 per unique part per order (Economic PCBA)
"MSTBA 2,5/2-G-5,08","J1,J2","PhoenixContact_MSTBA_2,5_2-G-5,08_1x02_P5.08mm_Horizontal",,-,not placed by JLC
2x5 box header,J3,IDC-Header_2x05_P2.54mm_Vertical,,-,not placed by JLC
STDC14,J4,PinHeader_2x07_P1.27mm_Vertical_SMD,,-,not placed by JLC
33uH,L2,L_Bourns_SRR1260,C840528,Extended,~$3 per unique part per order (Economic PCBA)
15uH,L3,L_Bourns_SRR1260,C2041333,Extended,~$3 per unique part per order (Economic PCBA)
NDT3055L,Q1,SOT-223-3_TabPin2,C274612,Extended,~$3 per unique part per order (Economic PCBA)
2N7002,"Q3,Q4",SOT-23,C65189,Extended,~$3 per unique part per order (Economic PCBA)
2N7002BK,"Q2,Q5,Q6,Q7,Q8",SOT-23,C282405,Extended,~$3 per unique part per order (Economic PCBA)
100k,"R1,R6,R10,R16,R72,R73,R74,R75,R76,R77,R78,R79,R80,R81,R82,R83,R123",R_0603_1608Metric,C25803,Basic,none (Economic PCBA)
6.2k,R2,R_0603_1608Metric,,Basic (expected; pick the part in JLC's BOM tool),none (Economic PCBA)
280k,R3,R_0603_1608Metric,,Extended (expected; pick the part in JLC's BOM tool),~$3 per unique part per order (Economic PCBA)
10k,"R4,R44,R53,R120,R126,R127,R128,R129",R_0603_1608Metric,C25804,Basic,none (Economic PCBA)
52.3k,R5,R_0603_1608Metric,,Extended (expected; pick the part in JLC's BOM tool),~$3 per unique part per order (Economic PCBA)
22.1k,R7,R_0603_1608Metric,,Extended (expected; pick the part in JLC's BOM tool),~$3 per unique part per order (Economic PCBA)
64.9k,R11,R_0603_1608Metric,,Extended (expected; pick the part in JLC's BOM tool),~$3 per unique part per order (Economic PCBA)
200k,R12,R_0603_1608Metric,,Basic (expected; pick the part in JLC's BOM tool),none (Economic PCBA)
7.32k,R13,R_0603_1608Metric,,Extended (expected; pick the part in JLC's BOM tool),~$3 per unique part per order (Economic PCBA)
8.25k,"R14,R15",R_0603_1608Metric,,Extended (expected; pick the part in JLC's BOM tool),~$3 per unique part per order (Economic PCBA)
1M,"R17,R110",R_0603_1608Metric,C22935,Basic,none (Economic PCBA)
82k,R18,R_0603_1608Metric,,Basic (expected; pick the part in JLC's BOM tool),none (Economic PCBA)
22R,"R40,R41,R42,R43",R_0603_1608Metric,C23345,Basic,none (Economic PCBA)
12.0k 0.1%,"R45,R47,R49,R51",R_0805_2012Metric,,-,not placed by JLC
1.00k 0.1%,"R46,R48,R50,R52",R_0805_2012Metric,C110774,Extended,~$3 per unique part per order (Economic PCBA)
1k,"R54,R60,R61,R62,R63,R125",R_0603_1608Metric,C21190,Basic,none (Economic PCBA)
1.82M,"R64,R65,R66,R67",R_0603_1608Metric,,Extended (expected; pick the part in JLC's BOM tool),~$3 per unique part per order (Economic PCBA)
220R,"R68,R69,R70,R71",R_0603_1608Metric,C22962,Basic,none (Economic PCBA)
10R 0.1%,"R90,R91,R92,R93,R94,R95,R96,R97,R98,R99,R100",R_0805_2012Metric,,-,not placed by JLC
100R 0.1%,R101,R_0805_2012Metric,,-,not placed by JLC
0.1R 4T,R102,R_Shunt_Vishay_WSK2512_6332Metric_T1.19mm,,-,not placed by JLC
100R,"R121,R122,R124",R_0603_1608Metric,C22775,Basic,none (Economic PCBA)
10k NTC,"RT1,RT2,RT3,RT4",R_0603_1608Metric,C13564,Extended,~$3 per unique part per order (Economic PCBA)
STM32G431CBU6,U1,QFN-48-1EP_7x7mm_P0.5mm_EP5.6x5.6mm,C529356,Extended,~$3 per unique part per order (Economic PCBA)
LMR38020FDDAR,"U2,U3",HSOP-8-1EP_3.9x4.9mm_P1.27mm_EP2.41x3.1mm_ThermalVias,C5149193,Extended,~$3 per unique part per order (Economic PCBA)
TPS7A2050PDBVR,U4,SOT-23-5,C2864504,Extended,~$3 per unique part per order (Economic PCBA)
LDL1117S33R,U5,SOT-223-3_TabPin2,C435835,Extended,~$3 per unique part per order (Economic PCBA)
DAC80504RTET,U6,Texas_RTE0016D_WQFN-16-1EP_3x3mm_P0.5mm_EP0.8x0.8mm,,-,not placed by JLC
OPA4388IPWR,U7,TSSOP-14_4.4x5mm_P0.65mm,,-,not placed by JLC
