Designator,Mid X,Mid Y,Layer,Rotation
J1,,,Top,
F1,,,Top,
D1,,,Top,
C1,,,Top,
R1,,,Top,
R2,,,Top,
C2,,,Top,
U3,,,Top,
R3,,,Top,
R4,,,Top,
R5,,,Top,
R6,,,Top,
R7,,,Top,
C3,,,Top,
L3,,,Top,
C4,,,Top,
C5,,,Top,
C6,,,Top,
C7,,,Top,
C8,,,Top,
U4,,,Top,
C9,,,Top,
C10,,,Top,
C11,,,Top,
U5,,,Top,
C12,,,Top,
C13,,,Top,
C14,,,Top,
FB1,,,Top,
C15,,,Top,
C16,,,Top,
U2,,,Top,
R10,,,Top,
R11,,,Top,
C20,,,Top,
C21,,,Top,
C22,,,Top,
C23,,,Top,
L2,,,Top,
C24,,,Top,
C25,,,Top,
C26,,,Top,
C27,,,Top,
C28,,,Top,
R12,,,Top,
R13,,,Top,
R14,,,Top,
R15,,,Top,
C30,,,Top,
R16,,,Top,
D2,,,Top,
R17,,,Top,
R18,,,Top,
C31,,,Top,
U6,,,Top,
C40,,,Top,
C41,,,Top,
C42,,,Top,
C43,,,Top,
R40,,,Top,
R41,,,Top,
R42,,,Top,
R43,,,Top,
R44,,,Top,
R45,,,Top,
R46,,,Top,
C44,,,Top,
R47,,,Top,
R48,,,Top,
C45,,,Top,
R49,,,Top,
R50,,,Top,
C46,,,Top,
R51,,,Top,
R52,,,Top,
C47,,,Top,
R53,,,Top,
R54,,,Top,
C48,,,Top,
U7,,,Top,
C50,,,Top,
C51,,,Top,
R60,,,Top,
C52,,,Top,
R64,,,Top,
R68,,,Top,
Q1,,,Top,
Q5,,,Top,
R72,,,Top,
R76,,,Top,
R77,,,Top,
C56,,,Top,
R61,,,Top,
C53,,,Top,
R65,,,Top,
R69,,,Top,
Q2,,,Top,
Q6,,,Top,
R73,,,Top,
R78,,,Top,
R79,,,Top,
C57,,,Top,
R62,,,Top,
C54,,,Top,
R66,,,Top,
R70,,,Top,
Q3,,,Top,
Q7,,,Top,
R74,,,Top,
R80,,,Top,
R81,,,Top,
C58,,,Top,
R63,,,Top,
C55,,,Top,
R67,,,Top,
R71,,,Top,
Q4,,,Top,
Q8,,,Top,
R75,,,Top,
R82,,,Top,
R83,,,Top,
C59,,,Top,
R102,,,Top,
R90,,,Top,
R91,,,Top,
R92,,,Top,
R93,,,Top,
R94,,,Top,
R95,,,Top,
R96,,,Top,
R97,,,Top,
R98,,,Top,
R99,,,Top,
R100,,,Top,
R101,,,Top,
J2,,,Top,
C60,,,Top,
R110,,,Top,
C61,,,Top,
D3,,,Top,
U1,,,Top,
C70,,,Top,
C71,,,Top,
C72,,,Top,
C73,,,Top,
C74,,,Top,
C75,,,Top,
C76,,,Top,
C77,,,Top,
C78,,,Top,
R120,,,Top,
J4,,,Top,
J3,,,Top,
FB2,,,Top,
C79,,,Top,
R121,,,Top,
R122,,,Top,
R123,,,Top,
R124,,,Top,
R125,,,Top,
D4,,,Top,
RT1,,,Top,
R126,,,Top,
C80,,,Top,
RT2,,,Top,
R127,,,Top,
C81,,,Top,
RT3,,,Top,
R128,,,Top,
C82,,,Top,
RT4,,,Top,
R129,,,Top,
C83,,,Top,
